TEAM_ID,TEAM_NAME,GP,W,L,W_PCT,MIN,E_OFF_RATING,OFF_RATING,E_DEF_RATING,DEF_RATING,E_NET_RATING,NET_RATING,AST_PCT,AST_TO,AST_RATIO,OREB_PCT,DREB_PCT,REB_PCT,TM_TOV_PCT,EFG_PCT,TS_PCT,E_PACE,PACE,PACE_PER40,POSS,PIE,GP_RANK,W_RANK,L_RANK,W_PCT_RANK,MIN_RANK,OFF_RATING_RANK,DEF_RATING_RANK,NET_RATING_RANK,AST_PCT_RANK,AST_TO_RANK,AST_RATIO_RANK,OREB_PCT_RANK,DREB_PCT_RANK,REB_PCT_RANK,TM_TOV_PCT_RANK,EFG_PCT_RANK,TS_PCT_RANK,PACE_RANK,PIE_RANK
1610612737,Atlanta Hawks,50,31,19,0.62,2415.0,96.9,98.4,93.9,95.3,3.0,3.1,0.507,1.05,13.0,0.353,0.701,0.527,0.17,0.436,0.492,88.4,87.1,72.58,4387,0.525,1,7,7,7,17,21,2,8,28,28,29,5,1,1,14,26,25,28,8
1610612738,Boston Celtics,50,19,31,0.38,2430.0,97.6,98.7,99.7,100.8,-2.1,-2.1,0.591,1.33,16.3,0.33,0.666,0.493,0.171,0.469,0.501,94.0,93.02,77.51,4711,0.473,1,22,22,22,5,20,14,21,19,17,19,12,23,20,16,14,20,3,23
1610612766,Charlotte Hornets,50,26,24,0.52,2430.0,100.0,100.4,99.2,100.4,0.8,0.0,0.664,1.39,17.6,0.266,0.678,0.482,0.172,0.485,0.537,92.1,91.43,76.19,4626,0.511,1,16,16,16,5,14,13,16,4,10,5,29,10,26,18,6,6,8,15
1610612741,Chicago Bulls,50,13,37,0.26,2414.0,89.8,91.4,100.1,101.7,-10.2,-10.4,0.661,1.31,16.4,0.299,0.684,0.482,0.173,0.424,0.47,90.7,89.19,74.32,4482,0.42,1,27,27,27,18,29,20,29,6,18,16,26,6,27,19,29,29,21,28
1610612739,Cleveland Cavaliers,50,22,28,0.44,2410.0,96.7,98.2,98.5,100.1,-1.9,-1.9,0.7,1.39,17.9,0.295,0.656,0.478,0.178,0.464,0.52,89.1,87.66,73.05,4400,0.493,1,20,20,20,19,23,12,19,2,11,4,28,25,29,22,16,12,27,17
1610612742,Dallas Mavericks,50,19,31,0.38,2415.0,99.3,100.2,102.2,103.0,-2.9,-2.7,0.527,1.33,14.7,0.321,0.673,0.495,0.151,0.459,0.502,91.6,90.8,75.66,4570,0.474,1,22,22,22,16,15,25,23,27,16,25,18,15,16,4,19,19,14,22
1610612743,Denver Nuggets,50,14,36,0.28,2405.0,100.2,101.4,106.8,108.6,-6.5,-7.3,0.576,1.31,15.3,0.319,0.66,0.483,0.16,0.459,0.511,93.3,91.99,76.66,4611,0.442,1,26,26,26,27,12,29,26,24,19,23,19,24,25,6,18,15,6,26
1610612765,Detroit Pistons,50,29,21,0.58,2410.0,101.2,102.4,97.9,98.4,3.3,4.0,0.608,1.28,16.4,0.331,0.697,0.514,0.179,0.48,0.528,88.7,87.93,73.28,4411,0.515,1,10,10,10,26,11,9,6,13,23,15,11,2,8,24,10,8,26,12
1610612744,Golden State Warriors,50,21,29,0.42,2425.0,95.1,96.0,98.7,98.9,-3.6,-2.9,0.599,1.35,15.8,0.367,0.69,0.523,0.167,0.434,0.471,91.5,90.96,75.8,4600,0.466,1,21,21,21,8,28,10,24,16,14,22,1,3,2,11,27,28,12,25
1610612745,Houston Rockets,50,31,19,0.62,2415.0,102.5,103.5,100.1,101.0,2.4,2.5,0.603,1.3,16.9,0.312,0.678,0.506,0.178,0.506,0.545,91.3,90.45,75.38,4551,0.523,1,7,7,7,13,5,15,10,14,20,9,21,11,10,23,1,1,17,9
1610612754,Indiana Pacers,50,33,17,0.66,2420.0,105.6,106.6,101.0,102.2,4.6,4.3,0.581,1.55,16.4,0.31,0.671,0.495,0.146,0.486,0.537,89.1,88.16,73.46,4442,0.526,1,4,4,4,10,1,23,5,23,3,17,22,22,17,2,5,5,25,7
1610612746,Los Angeles Clippers,50,9,41,0.18,2425.0,96.6,98.3,107.0,107.8,-10.4,-9.6,0.479,1.03,13.2,0.332,0.646,0.48,0.173,0.454,0.497,92.2,91.04,75.87,4599,0.402,1,28,28,28,8,22,28,28,29,29,28,10,28,28,20,21,23,11,29
1610612747,Los Angeles Lakers,50,31,19,0.62,2410.0,104.6,106.1,101.2,102.8,3.3,3.3,0.595,1.45,16.9,0.323,0.671,0.5,0.162,0.498,0.538,94.3,92.95,77.46,4666,0.527,1,7,7,7,19,2,24,7,18,5,8,17,21,14,9,2,4,4,6
1610612748,Miami Heat,50,33,17,0.66,2405.0,102.0,102.9,96.0,97.1,6.0,5.8,0.631,1.37,17.1,0.299,0.683,0.503,0.172,0.494,0.54,87.2,86.35,71.96,4325,0.56,1,4,4,4,27,8,8,4,9,13,7,27,7,12,17,3,3,29,3
1610612749,Milwaukee Bucks,50,28,22,0.56,2410.0,102.4,102.9,99.5,101.2,2.9,1.8,0.588,1.43,16.8,0.312,0.648,0.484,0.161,0.489,0.53,89.6,88.64,73.87,4453,0.512,1,11,11,11,19,7,16,13,21,8,11,20,27,24,8,4,7,22,14
1610612750,Minnesota Timberwolves,50,25,25,0.5,2405.0,98.5,99.9,98.2,99.4,0.4,0.5,0.663,1.9,18.1,0.348,0.673,0.501,0.138,0.439,0.481,94.1,92.86,77.38,4651,0.493,1,17,17,17,27,16,11,15,5,1,3,6,18,13,1,25,27,5,18
1610612751,New Jersey Nets,50,16,34,0.32,2410.0,96.3,97.0,100.6,101.2,-4.4,-4.2,0.546,1.23,14.3,0.328,0.682,0.496,0.159,0.434,0.485,94.3,93.73,78.11,4711,0.466,1,25,25,25,19,27,17,25,26,24,27,15,8,15,5,28,26,2,24
1610612752,New York Knicks,50,27,23,0.54,2420.0,96.2,97.2,94.3,95.9,1.9,1.2,0.598,1.2,15.9,0.303,0.671,0.494,0.181,0.463,0.509,89.5,88.22,73.52,4446,0.515,1,13,13,13,10,25,4,14,17,25,21,25,20,18,26,17,16,24,13
1610612753,Orlando Magic,50,33,17,0.66,2410.0,96.7,98.9,95.3,96.3,1.4,2.6,0.632,1.3,16.6,0.36,0.685,0.518,0.181,0.456,0.498,91.4,89.93,74.94,4521,0.519,1,4,4,4,19,19,6,9,8,21,13,2,5,4,27,20,22,19,10
1610612755,Philadelphia 76ers,50,28,22,0.56,2430.0,96.8,97.8,94.6,95.5,2.2,2.4,0.564,1.14,14.7,0.356,0.679,0.515,0.179,0.439,0.494,91.4,90.56,75.47,4582,0.518,1,11,11,11,5,24,3,11,25,26,26,4,9,6,25,24,24,16,11
1610612756,Phoenix Suns,50,27,23,0.54,2410.0,103.4,103.9,99.9,101.6,3.5,2.2,0.695,1.83,19.1,0.306,0.671,0.489,0.148,0.481,0.526,92.6,91.54,76.28,4601,0.529,1,13,13,13,19,4,19,12,3,2,1,24,19,22,3,8,9,7,5
1610612757,Portland Trail Blazers,50,35,15,0.7,2435.0,101.4,102.8,94.9,96.2,6.6,6.6,0.614,1.39,16.6,0.345,0.687,0.519,0.167,0.473,0.521,92.1,90.81,75.67,4613,0.556,1,3,3,3,4,9,5,3,12,12,14,7,4,3,12,13,11,13,4
1610612758,Sacramento Kings,50,27,23,0.54,2440.0,99.9,101.2,100.0,101.6,-0.1,-0.4,0.589,1.34,16.4,0.328,0.654,0.493,0.17,0.479,0.514,98.8,97.36,81.13,4948,0.494,1,13,13,13,1,13,18,17,20,15,18,16,26,19,15,12,14,1,16
1610612759,San Antonio Spurs,50,37,13,0.74,2415.0,101.3,102.7,92.1,93.6,9.2,9.1,0.633,1.45,17.4,0.329,0.674,0.512,0.168,0.479,0.523,91.2,89.88,74.9,4517,0.582,1,1,1,1,13,10,1,1,7,6,6,14,14,9,13,11,10,20,2
1610612760,Seattle SuperSonics,50,25,25,0.5,2420.0,101.8,103.2,103.3,104.2,-1.6,-0.9,0.619,1.42,16.7,0.344,0.673,0.506,0.167,0.481,0.519,92.3,91.22,76.02,4594,0.49,1,17,17,17,10,6,26,18,11,9,12,8,16,11,10,9,13,9,19
1610612761,Toronto Raptors,50,23,27,0.46,2415.0,98.8,99.8,100.5,101.8,-1.7,-1.9,0.624,1.3,16.1,0.359,0.675,0.515,0.175,0.45,0.504,91.7,90.67,75.56,4565,0.489,1,19,19,19,13,17,21,20,10,22,20,3,13,7,21,22,18,15,20
1610612762,Utah Jazz,50,37,13,0.74,2435.0,102.7,104.2,95.5,96.7,7.2,7.4,0.715,1.48,19.0,0.329,0.677,0.516,0.182,0.485,0.545,89.6,88.37,73.64,4480,0.591,1,1,1,1,2,3,7,2,1,4,2,13,12,5,28,7,2,23,1
1610612763,Vancouver Grizzlies,50,8,42,0.16,2435.0,95.4,97.1,105.1,106.3,-9.6,-9.3,0.586,1.14,15.3,0.342,0.645,0.49,0.185,0.447,0.498,91.6,90.29,75.24,4576,0.427,1,29,29,29,2,26,27,27,22,27,24,9,29,21,29,23,21,18,27
1610612764,Washington Wizards,50,18,32,0.36,2410.0,98.3,99.8,101.0,102.1,-2.7,-2.3,0.602,1.45,16.8,0.308,0.673,0.488,0.161,0.468,0.507,92.2,91.11,75.93,4571,0.476,1,24,24,24,19,18,22,22,15,7,10,23,17,23,7,15,17,10,21
